{
    "images": [
        {
            "size": "128x128",
            "expected-size": "128",
            "filename": "128.png",
            "folder": "Assets.xcassets/AppIcon.appiconset/",
            "idiom": "mac",
            "scale": "1x"
        },
        {
            "size": "256x256",
            "expected-size": "256",
            "filename": "256.png",
            "folder": "Assets.xcassets/AppIcon.appiconset/",
            "idiom": "mac",
            "scale": "1x"
        },
        {
            "size": "128x128",
            "expected-size": "256",
            "filename": "256.png",
            "folder": "Assets.xcassets/AppIcon.appiconset/",
            "idiom": "mac",
            "scale": "2x"
        },
        {
            "size": "256x256",
            "expected-size": "512",
            "filename": "512.png",
            "folder": "Assets.xcassets/AppIcon.appiconset/",
            "idiom": "mac",
            "scale": "2x"
        },
        {
            "size": "32x32",
            "expected-size": "32",
            "filename": "32.png",
            "folder": "Assets.xcassets/AppIcon.appiconset/",
            "idiom": "mac",
            "scale": "1x"
        },
        {
            "size": "512x512",
            "expected-size": "512",
            "filename": "512.png",
            "folder": "Assets.xcassets/AppIcon.appiconset/",
            "idiom": "mac",
            "scale": "1x"
        },
        {
            "size": "16x16",
            "expected-size": "16",
            "filename": "16.png",
            "folder": "Assets.xcassets/AppIcon.appiconset/",
            "idiom": "mac",
            "scale": "1x"
        },
        {
            "size": "16x16",
            "expected-size": "32",
            "filename": "32.png",
            "folder": "Assets.xcassets/AppIcon.appiconset/",
            "idiom": "mac",
            "scale": "2x"
        },
        {
            "size": "32x32",
            "expected-size": "64",
            "filename": "64.png",
            "folder": "Assets.xcassets/AppIcon.appiconset/",
            "idiom": "mac",
            "scale": "2x"
        },
        {
            "size": "512x512",
            "expected-size": "1024",
            "filename": "1024.png",
            "folder": "Assets.xcassets/AppIcon.appiconset/",
            "idiom": "mac",
            "scale": "2x"
        }
    ]
}